"","var","dev_exp"
"1","Climate",0.00745582635058364
"2","Mammal Richness",0.000146080997061632
"3","Spatial Distance",0.000838348860135692
"4","Host evolutionary distance",0.111259730240245
"5","Unexplained",0.880300013551975
