var,dev_exp
Environment factors,0.0318442561053569
Host species,0.0669954781021159
Time of sample collected,0.0644654824415414
Region of sample collected,0.113216463569203
Unexplained,0.723478319781782
