land,sp_effect,se,mean,bar
2021-Winter,0.140583654225915,0.180335686230507,0.140583654225915,0.353457945011794
2022-Autumn,-0.206690837,0.136022892832026,-0.206690837,0.266604869950772
2022-Spring,0.154009510679825,0.213534856243354,0.154009510679825,0.418528318236973
2022-Summer,-0.222473827,0.554652070300193,-0.222473827,1.08711805778838
2022-Winter,0.0407772061035681,0.261371615642898,0.0407772061035681,0.512288366660081
