var,dev_exp
Environment factors,0.0152763018126755
Host species,0.109125640502898
Time of sample collected,0.00588843613343739
Region of sample collected,0.027625736749516
Unexplained,0.842083884801473
